Username,FirstName,LastName,Email,Password
Meruem,Meruem-sama,sama,mer@gmail.com,mer1
King9,king,Okon,KIng@gmail,king
meruem,dfghvbj,ertgh,rtfyghj,mer
King808,king,Okon,king@gmail,lazy808
King808,king,Okon,king@gmail,lazy808
King808,king,Okon,king@gmail,lazy808
cTest12,Customer,Test,ctest@exparking.com,c1230
King808,king,Okon,king@gmail,lazy808

King808,king,Okon,king@gmail,lazy808

King808,king,Okon,king@gmail,lazy808

Japples,John,Applegate,Japplegate@gmail.com,johnson

JonApp,John,Applegate,Jonapp@gmail.com,jon

King808,king,Okon,king@gmail,lazy808

